doi,URL
10.12688/f1000research.10560.1,https://f1000research.com/articles/6-916/v1
10.12688/f1000research.11637.1,https://f1000research.com/articles/6-1033/v1
10.12688/f1000research.10411.1,https://f1000research.com/articles/5-2926/v1
10.12688/f1000research.9720.1,https://f1000research.com/articles/6-41/v1
10.12688/f1000research.10491.1,https://f1000research.com/articles/6-27/v1
10.12688/f1000research.12168.1,https://f1000research.com/articles/6-1488/v1
10.12688/f1000research.12262.1,https://f1000research.com/articles/6-1646/v1
10.12688/f1000research.11361.1,https://f1000research.com/articles/6-607/v1
10.12688/f1000research.11173.3,https://f1000research.com/articles/6-311/v3
10.12688/f1000research.12938.1,https://f1000research.com/articles/6-2073/v1
